<?xml version="1.0" encoding="UTF-8"?>
<project-private xmlns="http://www.netbeans.org/ns/project-private/1">
    <editor-bookmarks xmlns="http://www.netbeans.org/ns/editor-bookmarks/2" lastBookmarkId="0"/>
    <open-files xmlns="http://www.netbeans.org/ns/projectui-open-files/2">
        <group>
            <file>file:/C:/Cursos/ProgramacionJava/Leccion12/EjemploInstanceOf/src/ejemploinstanceof/EjemploInstanceOf.java</file>
            <file>file:/C:/Cursos/ProgramacionJava/Leccion12/EjemploInstanceOf/src/ejemploinstanceof/FiguraGeometrica.java</file>
            <file>file:/C:/Cursos/ProgramacionJava/Leccion12/EjemploInstanceOf/src/ejemploinstanceof/Circulo.java</file>
            <file>file:/C:/Cursos/ProgramacionJava/Leccion12/EjemploInstanceOf/src/ejemploinstanceof/Rectangulo.java</file>
            <file>file:/C:/Cursos/ProgramacionJava/Leccion12/EjemploInstanceOf/src/ejemploinstanceof/Triangulo.java</file>
            <file>file:/C:/Cursos/ProgramacionJava/Leccion12/EjemploInstanceOf/src/ejemploinstanceof/Elipse.java</file>
        </group>
    </open-files>
</project-private>
